종목명,PC1,PC2,한글 종목약명,영문 종목명
AJ네트웍스,-0.04302940277096356,0.028942415455584156,AJ네트웍스,"AJ Networks Co.,Ltd."
AK홀딩스,-0.02563613447039071,-0.014151184626847113,AK홀딩스,"AK Holdings, Inc."
BGF,-0.04278515951387492,0.06608728271634365,BGF,BGF
BGF리테일,0.13339229306634437,0.05350640877594859,BGF리테일,BGF Retail
BNK금융지주,-0.03935384381521037,0.0037615334875939427,BNK금융지주,BNK Financial Group Inc.
BYC,0.5238716623128601,-0.0009983472150165956,BYC,BYC
BYC우,0.14059207079331906,0.0018034893445254855,BYC우,BYC(1P)
CJ,0.07231440425900414,-0.06261186131585388,CJ,CJ Corp.
CJ CGV,-0.04164689839989284,0.01004153462216863,CJ CGV,CJ CGV
CJ4우(전환),0.04456518318137601,-0.05175831178575265,CJ4우(전환),CJ(4PC)
CJ대한통운,0.09973850284417855,0.08666951286696728,CJ대한통운,CJ LOGISTICS
CJ씨푸드,-0.04627009301952778,-0.017729894835663305,CJ씨푸드,CJSEAFOODCORPORATION
CJ씨푸드1우,-0.023849143741546355,-0.11611869421942564,CJ씨푸드1우,CJSEAFOODCORPORATION(1P)
CJ우,0.01733265668979674,-0.0070394804985493675,CJ우,CJ(1P)
CJ제일제당,0.3821521089865519,-0.016525227502764077,CJ제일제당,CJ CheilJedang Corp
CJ제일제당 우,0.1311468071570473,-0.019417862909875853,CJ제일제당 우,CJ CheilJedang Corp(1P)
CR홀딩스,-0.04008863613769136,0.016413569768658466,CR홀딩스,CR Holdings
CS홀딩스,0.03242430545461976,0.005141424215031458,CS홀딩스,CSHOLDINGS
DB,-0.047403125534717344,-0.0034200518344208826,DB,DB Inc.
DB금융투자,-0.04441071141886578,-0.008395167571333337,DB금융투자,"DB Financial Investment Co., LTD."
DB손해보험,0.06260117585757513,-0.010946302817863629,DB손해보험,DB INSURANCE
DB하이텍,0.02817284132970005,-0.07340814856068964,DB하이텍,"DB HiTek Co.,LTD"
DGB금융지주,-0.03784495893980409,0.002651901249766647,DGB금융지주,DGB Financial Group
DI동일,-0.008805960765897963,-0.05117337590920748,DI동일,DI DONGIL
DL,0.014738250186881177,-0.028129730555837156,DL,DL
DL건설,-0.03108238666974568,0.0033717298719749293,DL건설,DLConstruction
DL우,-0.017807055028104354,0.010504022668410565,DL우,DL(1P)
DL이앤씨,0.0023531262604503177,-0.006833734642976643,DL이앤씨,"DL E&C CO., LTD."
DL이앤씨2우(전환),-0.016060291502702367,0.0019109967263283116,DL이앤씨2우(전환),DL E&C(2PC)
DL이앤씨우,-0.02343629339029276,0.0071382270501909,DL이앤씨우,"DL E&C CO., LTD.(1P)"
DN오토모티브,0.04306716127250514,-0.04416114698266374,DN오토모티브,DN AUTOMOTIVE CORPORATION
DRB동일,-0.040605599425221066,0.04322275797718932,DRB동일,"DRB Holding Co.,Ltd"
DSR,-0.04389210416018008,-0.011790744778042218,DSR,DSR CORP
DSR제강,-0.04359447061286975,0.006620616019678055,DSR제강,DSRWIRECORP
E1,0.0333607839751678,-0.017824587219605066,E1,E1Corporation
ESR켄달스퀘어리츠,-0.04553646545029041,-0.03087508949115385,ESR켄달스퀘어리츠,ESR KENDALL SQUARE REIT
F&F,0.06615492650889143,-0.023025807152219697,F&F,F&F
F&F홀딩스,-0.028586039864307744,-0.011597001216636586,F&F홀딩스,F&F Holdings
GKL,-0.03305084162654213,-0.053244132455198816,GKL,Grand Korea Leisure
GS,0.008277625833441764,-0.03070889931858689,GS,GS Holdings
GS건설,-0.03019738235398016,-0.08579500608335301,GS건설,GS Engineering & Construction Corp
GS글로벌,-0.04517853408743007,0.038467893150103696,GS글로벌,GS Global Corp.
GS리테일,-0.017310404061602037,-0.045637080072397036,GS리테일,GS Retail
GS우,-0.0008950819191748055,-0.008351188063343487,GS우,GS Holdings(1P)
HDC,-0.041283976587950084,-0.03960443103073915,HDC,"HDC HOLDINGS CO.,Ltd"
HDC랩스,-0.03948059031941851,-0.011968561107813424,HDC랩스,HDCLABS
HDC현대EP,-0.04270160814746602,0.011203381867893594,HDC현대EP,HDC Hyundai Engineering Plastics
HDC현대산업개발,-0.030715695261639094,-0.060619787149438345,HDC현대산업개발,HYUNDAI DEVELOPMENT COMPANY
HD한국조선해양,0.09871601764668424,-0.003595734201033452,HD한국조선해양,HD KOREA SHIPBUILDING & OFFSHORE ENGINEERING
HD현대,0.034428365041486275,-0.00960410393097299,HD현대,HD HYUNDAI
HD현대건설기계,0.016148317482911012,-0.02641969638530138,HD현대건설기계,HD Hyundai Construction Equipment
HD현대에너지솔루션,-0.016624571057870734,0.01481666402136055,HD현대에너지솔루션,"HD HYUNDAI ENERGY SOLUTIONS CO.,LTD."
HD현대인프라코어,-0.03988884045573906,-0.022875721547235963,HD현대인프라코어,HD Hyundai Infracore
HD현대일렉트릭,0.06965639613056103,0.03269539220827049,HD현대일렉트릭,HD HYUNDAI ELECTRIC
HD현대중공업,0.11938039980100115,-0.032003507877329106,HD현대중공업,HD HYUNDAI HEAVY INDUSTRIES
HJ중공업,-0.045832419725928324,-0.06405816606184768,HJ중공업,HJ SHIPBUILDING & CONSTRUCTION
HL D&I,-0.04713974916076828,-0.016819912026455216,HL D&I,HL D&I HALLA CORPORATION
HLB글로벌,-0.04486513827551036,-0.019284523506814,HLB글로벌,"HLB GLOBAL Co., Ltd."
HL만도,0.0004932737591830727,0.0012717151853599193,HL만도,HL Mando
HL홀딩스,-0.004135649776106705,0.005886887934817923,HL홀딩스,HL Holdings Corporation
HMM,-0.02594191093717241,0.012359876106666898,HMM,HMM
HSD엔진,-0.03642926381769781,0.0021011399715394788,HSD엔진,HSD Engine
HS애드,-0.040658985104366954,0.006560991566062801,HS애드,HS Ad
IHQ,-0.04451241040284997,0.00656787330189653,IHQ,IHQ
JB금융지주,-0.03433217325301862,0.003099530168986493,JB금융지주,"JB Financial Group Co., Ltd."
JW생명과학,-0.03178511530324252,0.01784062732420838,JW생명과학,JW LIFESCIENCE
JW중외제약,-0.005603889234663542,0.08809664217694355,JW중외제약,JWPHARMACEUTICAL
JW중외제약2우B,0.038601911858035944,0.0509323043216157,JW중외제약2우B,JWPHARMACEUTICAL(2PB)
JW중외제약우,-0.0029983497705245777,0.0271761057236555,JW중외제약우,JWPHARMACEUTICAL(1P)
JW홀딩스,-0.043664607203561835,0.039687442106177306,JW홀딩스,JW HOLDINGS CORPORATION
KB금융,0.024663664050150424,-0.012748465053689213,KB금융,KB Financial Group
KB스타리츠,-0.04424099574508901,0.010285933516728348,KB스타리츠,KB STAR REIT
KCC,0.23581463223627414,-0.14533698268499895,KCC,KCC Corporation
KCC글라스,0.007136594026087305,0.0033230693061013774,KCC글라스,KCC GLASS Corporation
KCTC,-0.044843545307915095,-0.023834474341886416,KCTC,KCTC
KC그린홀딩스,-0.04530212742970055,-0.01211624378851883,KC그린홀딩스,KC Green Holdings
KC코트렐,-0.0478465184636484,-0.010059557617619699,KC코트렐,KC Cottrell
KEC,-0.04846180930171975,-0.02216403977095827,KEC,KEC Corporation
KG모빌리티,-0.03859568829271043,-0.010684952623164391,KG모빌리티,KG Mobility
KG스틸,-0.037990842397893985,0.008603695723063132,KG스틸,KG DONGBUSTEEL
KG케미칼,-0.038714780063982934,0.057792623747038974,KG케미칼,KG Chemical
KH 필룩스,-0.04753744268305055,0.007035661806918532,KH 필룩스,"KH FEELUX Co.,Ltd."
KIB플러그에너지,-0.048362071991501915,0.022484295212123445,KIB플러그에너지,Kib plug energy
KISCO홀딩스,-0.019759411859579575,-0.0031819765761091265,KISCO홀딩스,KISCO Holdings
KPX케미칼,0.010885983190301872,-0.0036162481478406107,KPX케미칼,KPXCHEMICAL
KPX홀딩스,0.020573515044374966,-0.014216038826818904,KPX홀딩스,KPXHOLDINGS
KR모터스,-0.0490451124225421,-0.003762686460783185,KR모터스,KR MOTORS
KSS해운,-0.03732153859134022,0.018845869516266003,KSS해운,KSS LINE
KT,-0.0024609045494600476,-0.002375757998237441,KT,KTCorporation
KT&G,0.07255141273855678,-0.03942246612748956,KT&G,KT&G Corporation
KTcs,-0.042418051316998474,0.49368635236744557,KTcs,ktcs corporation
KTis,-0.04486561596977352,0.15020259668596403,KTis,ktis Corporation
LF,-0.030096976625004466,0.017245682861874025,LF,LF
LG,0.06498218497825622,-0.012231821513474125,LG,LG Corp.
LG디스플레이,-0.03283592291705548,-0.024089108505924026,LG디스플레이,LG Display
LG생활건강,0.40345135887786787,-0.03968604286544671,LG생활건강,LG H&H
LG생활건강우,0.14679749036127948,-0.008049002256541872,LG생활건강우,LG H&H(1P)
LG에너지솔루션,0.583715228894946,0.06338293788853279,LG에너지솔루션,LG Energy Solution
LG우,0.0354112143649715,-0.001421066550756153,LG우,LG Corp.(1P)
LG유플러스,-0.034467386339161056,0.0014229437094726318,LG유플러스,LG Uplus
LG이노텍,0.27457997341231255,-0.006653656230737028,LG이노텍,LG Innotek
LG전자,0.09461200904075971,-0.012255757253500161,LG전자,LGELECTRONICS
LG전자우,0.015050670982508422,-0.015535744019271108,LG전자우,LGELECTRONICS(1P)
LG헬로비전,-0.04543301291145265,-0.016514289981601815,LG헬로비전,LG HelloVision
LG화학,0.6462341813925395,-0.00044416036423781453,LG화학,"LGCHEM,LTD"
LG화학우,0.3799434354691658,0.019210478007037592,LG화학우,"LGCHEM,LTD(1P)"
LIG넥스원,0.08154875252768842,0.01400715600801062,LIG넥스원,"LIG Nex1 Co., Ltd."
LS,0.06744045593709722,0.012761397379000606,LS,LS
LS ELECTRIC,0.05449799450151409,0.003325419381076366,LS ELECTRIC,LS ELECTRIC
LS네트웍스,-0.04541580137223806,-0.06500808301151137,LS네트웍스,LSNetworks
LS전선아시아,-0.033282776882059696,-0.05586006991372637,LS전선아시아,LS C&S ASIA
LX세미콘,0.06633614526096954,-0.05680014241665239,LX세미콘,LX Semicon
LX인터내셔널,-0.007965263137051133,0.013738671785438994,LX인터내셔널,LX INTERNATIONAL CORP.
LX하우시스,0.012539003418628038,-0.014361869797101582,LX하우시스,"LX HAUSYS, LTD."
LX하우시스우,-0.020329610993614033,0.02074441047935942,LX하우시스우,"LX HAUSYS, LTD.(1P)"
LX홀딩스,-0.03926462250504135,0.00993823812454275,LX홀딩스,LX HOLDINGS
LX홀딩스1우,-0.03649480843680055,0.015115108479024081,LX홀딩스1우,LX HOLDINGS(1P)
MH에탄올,-0.04135930074982429,-0.03245769747094974,MH에탄올,MHETHANOL
NAVER,0.24077037645620114,0.00787834369637188,NAVER,NAVER
NHN,-0.01759456200776812,0.01571881957826109,NHN,NHN
NH올원리츠,-0.044439744603955056,0.012757553820786267,NH올원리츠,NHALLONEREIT
NH투자증권,-0.035434690198714175,-0.020187512498709436,NH투자증권,NH INVESTMENT & SECURITIES
NH투자증권우,-0.03591668515853131,0.004486516008729162,NH투자증권우,NH INVESTMENT & SECURITIES(1P)
NH프라임리츠,-0.04715805083992549,-0.11857135360170372,NH프라임리츠,NH Prime REIT
NICE,-0.031288204006939074,0.006568116113582568,NICE,NICEHoldings
NICE평가정보,-0.03710407679060373,0.0010618013710670309,NICE평가정보,NICE Information Service
NI스틸,-0.042773668469465884,-0.04888146545316003,NI스틸,NI STEEL
NPC,-0.04262334122917634,-0.0120160599269971,NPC,NPC
NPC우,-0.045719426043061596,0.006548883003337355,NPC우,NPC(1P)
OCI,0.0954716545195738,-0.018633769472894076,OCI,OCI
OCI홀딩스,0.08469725544913816,-0.015857100323849578,OCI홀딩스,OCI Holdings Company Ltd.
PI첨단소재,-0.00908701266742222,-0.04587020947410249,PI첨단소재,"PI Advanced Materials Co., Ltd."
POSCO홀딩스,0.6191428904584507,0.023056445412293017,POSCO홀딩스,POSCO Holdings Inc.
S-Oil,0.045919458201885505,-0.016059850669056366,S-Oil,S-OilCorporation
S-Oil우,0.01837732246578721,0.0054499947555324895,S-Oil우,S-Oil(1P)
SBS,-0.012500098683550873,0.04595906254671084,SBS,SEOULBROADCASTINGSYSTEM
SGC에너지,-0.007589173254365017,0.0790488886305574,SGC에너지,SGC Energy
SG글로벌,-0.044652669224074355,0.41602864868864786,SG글로벌,SG GLOBAL
SG세계물산,-0.05003443955676122,1.0588971807447083,SG세계물산,SGCORPORATION
SHD,-0.020805009347058926,0.01096630839691982,SHD,SHIN HWA DYNAMICS
SH에너지화학,-0.048980713281225836,0.0059022308567795315,SH에너지화학,SH ENERGY & CHEMICAL
SIMPAC,-0.04449320786508193,0.004356617647078585,SIMPAC,SIMPACInc
SJM,-0.044545231848705485,0.006830693940941513,SJM,"SJM CO.,LTD"
SJM홀딩스,-0.045148543303223064,-0.007921064681936537,SJM홀딩스,SJM HOLDINGS
SK,0.17737433847274536,-0.018556629845175674,SK,SK
SKC,0.08076768754676852,-0.033414060277884745,SKC,SKC
SK가스,0.15757170624047911,-0.04154601907486871,SK가스,SKGas
SK네트웍스,-0.0423237767596437,-0.03110370233815632,SK네트웍스,"SKNetworksCo.,Ltd"
SK디스커버리,0.0053063159800634686,-0.006827734602195712,SK디스커버리,"SK Discovery Co.,Ltd."
SK디스커버리우,-0.0057988594225315705,0.0221803864220711,SK디스커버리우,"SK Discovery Co.,Ltd.(1P)"
SK디앤디,-0.010895608147788524,-0.010423226975062887,SK디앤디,"SK D&D Co., Ltd"
SK렌터카,-0.03517266057820842,-0.012117205250457857,SK렌터카,SK RENT A CAR
SK리츠,-0.043686306287872824,0.007553732226526164,SK리츠,SK REIT
SK바이오사이언스,0.04370258907651044,-0.014670334165204331,SK바이오사이언스,SK BIOSCIENCE
SK바이오팜,0.06608643633999281,-0.05022373349719633,SK바이오팜,SK BIOPHARMACEUTICALS
SK스퀘어,0.019940764164273244,-0.001785110045743474,SK스퀘어,SKSQUARE
SK아이이테크놀로지,0.04825689227198298,0.03886171626913847,SK아이이테크놀로지,SK ie technology
SK오션플랜트,-0.026746561286742073,0.016171491607648948,SK오션플랜트,SKoceanplant
SK우,0.1300214076635129,-0.014940323181523602,SK우,SK(1P)
SK이노베이션,0.1482533992464602,0.02074299406345111,SK이노베이션,SK Innovation
SK이노베이션우,0.07695143294089882,0.013355845551208868,SK이노베이션우,SK Innovation(1P)
SK증권,-0.048048722046909846,0.050505118671649564,SK증권,SKSecurities
SK증권우,-0.04721485030676504,-0.017329242552989673,SK증권우,SKSecurities(1P)
SK케미칼,0.03865025898640364,0.00531016511859127,SK케미칼,SKCHEMICALS
SK케미칼우,-0.009163102439803157,0.016520303292379374,SK케미칼우,SKCHEMICALS(1P)
SK텔레콤,0.023292198714261757,-0.0039038849553468657,SK텔레콤,SKTelecom
SK하이닉스,0.14717148846891556,0.01139190575996575,SK하이닉스,SK hynix
SNT다이내믹스,-0.027831347357317564,0.06601798653999037,SNT다이내믹스,SNT DYNAMICS
SNT모티브,0.010804204666846213,0.012713378101478214,SNT모티브,SNT MOTIV
SNT에너지,-0.0213040329608325,-0.01757710737214227,SNT에너지,"SNTEnergy Co.,Ltd."
SNT홀딩스,-0.026456541651839964,-0.01139223948021563,SNT홀딩스,SNT Holdings
SPC삼립,0.036622041281288445,0.005167859724011849,SPC삼립,SPC SAMLIP
STX,-0.029084760876865626,0.02440692895465391,STX,STX
STX그린로지스,-0.03447717250894239,-0.01599915926486362,STX그린로지스,STX Green Logis
STX엔진,-0.03325512553902557,0.0015734788623875764,STX엔진,"STXEngineCo.,Ltd"
STX중공업,-0.03106567312275792,0.08963831186207086,STX중공업,STX Heavy Industries
SUN&L,-0.044768186009367515,0.046759566438254324,SUN&L,SUN&L
TBH글로벌,-0.04639482014590927,0.02081081257766883,TBH글로벌,TBH GLOBAL
TCC스틸,0.02478991883649382,0.017857404907185667,TCC스틸,TCC STEEL
TKG휴켐스,-0.02099014140692008,-0.025970792243557948,TKG휴켐스,TKG Huchems
TYM,-0.04326134582213946,-0.020462725680994557,TYM,TYM CORPORATION
WISCOM,-0.04483540973136012,0.04213164811378348,WISCOM,WISCOM
YG PLUS,-0.04418261021207064,-0.018211375567882767,YG PLUS,YG PLUS
가온전선,-0.020766767362637883,0.03706330251416322,가온전선,GAONCABLE
강남제비스코,-0.021461016557830025,0.0012337720065854164,강남제비스코,KANGNAM JEVISCO
강원랜드,-0.02765203601819118,0.001230705470574864,강원랜드,"Kangwon Land, Inc."
갤럭시아에스엠,-0.031052131308123912,0.6633002883318583,갤럭시아에스엠,GALAXIA SM
경농,-0.03708090626922722,-0.05835739058601314,경농,Kyungnong
경동나비엔,0.013566359600762311,-0.05288762899102751,경동나비엔,KYUNGDONGNAVIEN
경동도시가스,-0.022267229661716514,0.00010576932494318341,경동도시가스,KYUNGDONG CITY GAS
경동인베스트,0.044419798711798075,0.02319423245080877,경동인베스트,KYUNGDONG INVEST
경방,-0.038743523804005094,-0.0267037909262124,경방,Kyungbang
경보제약,-0.037875371910214964,-0.016399617464424483,경보제약,"KYONGBO PHARMACEUTICAL CO., LTD."
경인양행,-0.04416423754104662,0.012366575352975143,경인양행,KyunginSynthetic
경인전자,-0.019711684828954593,0.04054866993853705,경인전자,KyunginElectronics
계룡건설,-0.03114308590373972,-0.03175383488158419,계룡건설,KyeryongConstructionIndustrial
계양전기,-0.04679167681537079,0.006802897316479657,계양전기,KeyangElectricMachinery
계양전기우,-0.04577307349836841,-0.054310431868509645,계양전기우,KeyangElectricMachinery(1P)
고려산업,-0.04515342976010625,0.007174897256883271,고려산업,KoreaIndustrial
고려아연,0.6261171797453344,-0.008217776730889827,고려아연,KoreaZinc
고려제강,-0.02320104420506635,-0.0009018772728408589,고려제강,KISWire
광동제약,-0.04081135696145732,-0.025370319064803012,광동제약,KwangdongPharmaceutical
광명전기,-0.048321070503568,-0.04858963586343051,광명전기,KWANG MYUNG ELECTRIC
광전자,-0.04718314181536305,-0.012453729945293162,광전자,AUK
광주신세계,-0.007756857544691564,-0.0008306553760717916,광주신세계,GwangjuShinsegae
교보증권,-0.04242251129277242,0.007221018490098888,교보증권,"KYOBOSECURITIESCO.,LTD."
교촌에프앤비,-0.03961196139518761,-0.009745097867009696,교촌에프앤비,KYOCHON FOOD&BEVERAGE
국도화학,0.004200114481478267,0.005770315113883604,국도화학,KukdoChemical
국동,-0.049123718746995,-0.017950314444318632,국동,Kukdong
국보,-0.03956693084223529,0.2771114292663936,국보,KUKBO
국제약품,-0.04340798147940628,-0.03241955538667609,국제약품,Kukje Pharma
그린케미칼,-0.04022527584746659,0.0008543646290687436,그린케미칼,GREEN CHEMICAL
극동유화,-0.04400710457481502,-0.0035128164764227513,극동유화,KukdongOil&Chem.
금강공업,-0.041469914983563706,0.010442362514024675,금강공업,KUMKANG KIND
금강공업우,-0.0355923849390921,0.027540669671696084,금강공업우,KUMKANG KIND(1P)
금비,0.05822665483289533,-0.020791041185724876,금비,Kumbi
금양,0.1196230176415074,0.10501048252900437,금양,Kumyang
금호건설,-0.04259418798705883,-0.01516985670935863,금호건설,KUMHOE&C
금호건설우,-0.02875854688322387,-0.007072906128961259,금호건설우,KUMHOE&C(1P)
금호석유,0.12499279528680135,-0.01952093668264253,금호석유,KumhoPetrochemical
금호석유우,0.03698036270795232,-0.013890862985886062,금호석유우,KumhoPetrochemical(1P)
금호에이치티,-0.04958257878092955,-0.032250212673789094,금호에이치티,"Kumho HT, Inc."
금호전기,-0.04875514654122645,-0.009639693838744407,금호전기,KumhoElectric
금호타이어,-0.04271640414255194,-0.03604624428918493,금호타이어,"KUMHOTIRECO.,INC"
기신정기,-0.04504492269794946,0.013467673570843693,기신정기,KISHIN CORPORATION
기아,0.07586351446741572,0.05018631142386751,기아,KIA CORPORATION
기업은행,-0.03113704310559151,0.015507871329396286,기업은행,INDUSTRIALBANKOFKOREA
까뮤이앤씨,-0.04746683857637504,-0.0007590310901826877,까뮤이앤씨,CAMUS ENGINEERING & CONSTRUCTION Inc.
깨끗한나라,-0.04875227713668859,-0.09207748237868324,깨끗한나라,KleanNara
깨끗한나라우,-0.03392213639049761,-0.14646567052693865,깨끗한나라우,KleanNara(1P)
남광토건,-0.03925641041119889,-0.0166039826728673,남광토건,NamkwangEngineering&Construction
남선알미늄,-0.04759301984010132,-0.004466107166279981,남선알미늄,NamsunAluminium
남선알미우,-0.014596715887346786,0.11702534141446187,남선알미우,NamsunAluminium(1P)
남성,-0.04569124928384412,0.05273908501192092,남성,Namsung
남양유업,0.5856600579112031,-0.041044549364705064,남양유업,NamyangDairyProducts
남양유업우,0.2972854608534044,0.01273882374787918,남양유업우,NamyangDairyProducts(1P)
남해화학,-0.039760630633880675,-0.0013707715545172791,남해화학,NamhaeChemical
넥센,-0.04378940748160392,-0.00033720444790430595,넥센,NEXEN
넥센우,-0.044479810256458856,0.04220822745787116,넥센우,NEXEN(1P)
넥센타이어,-0.03677585827027959,0.029229041826035945,넥센타이어,NEXENTIRE
넥센타이어1우B,-0.04545558049893265,-0.0032408870628135144,넥센타이어1우B,NEXENTIRE(1PB)
넥스틸,-0.03869163264862879,-6.54382477258502e-05,넥스틸,NEXTEEL
넷마블,0.03121042938568914,-0.0236051695120145,넷마블,Netmarble Corporation
노루페인트,-0.03720254476930968,-0.03226895399954062,노루페인트,NOROO PAINT
노루페인트우,-0.022982392669937648,-0.005318581464780577,노루페인트우,NOROO PAINT(1P)
노루홀딩스,-0.03341628055069054,-0.006967902232707667,노루홀딩스,NorooHoldings
노루홀딩스우,0.03186590196205877,0.005149930060052985,노루홀딩스우,NorooHoldings(1P)
녹십자,0.1054174666169385,-0.05796210215183089,녹십자,Green Cross Corporation
녹십자홀딩스,-0.03062265244432169,-0.049503876891825664,녹십자홀딩스,Green Cross Holdings Corporation
녹십자홀딩스2우,-0.007671192516592329,-0.035597715814722826,녹십자홀딩스2우,Green Cross Holdings Corporation(2PB)
농심,0.5108659717444199,-0.04175783764851318,농심,Nongshim
농심홀딩스,0.03967593288318595,-0.0012583513158104156,농심홀딩스,NongshimHoldings
다스코,-0.04366118004997613,2.4291414102731243e-05,다스코,Development Advance Solution
다올투자증권,-0.04499987514377833,-0.03479459141920596,다올투자증권,Daol Investment & Securities
다우기술,-0.025921726994890714,-0.02202669770559882,다우기술,DaouTechnology
다이나믹디자인,-0.04600571534040729,-0.039212444789346365,다이나믹디자인,Dynamic Design
대교,-0.046149786444898915,-0.004201575805831128,대교,DAEKYO
대교우B,-0.047625869813294947,0.003597243956814435,대교우B,DAEKYO(1PB)
대구백화점,-0.03288464720432072,0.01336155051705593,대구백화점,DaeguDepartmentStore
대덕,-0.04078789011148862,0.0004063485603645681,대덕,"DAEDUCK Co.,LTD"
대덕1우,-0.03770908568510434,0.00880835579733457,대덕1우,"DAEDUCK Co.,LTD(1P)"
대덕전자,-0.013388211551092417,-0.0279588511922793,대덕전자,DaeduckElectronics
대덕전자1우,-0.03612733347823036,0.00024191937876206002,대덕전자1우,DaeduckElectronics(1P)
대동,-0.03230763886921487,-0.06928065390883939,대동,DAEDONG CORPORATION
대동전자,-0.04239770851792857,-0.08753081797469077,대동전자,DAIDONGElECTRONICS
대림B&Co,-0.04382223674216351,0.020138769597745357,대림B&Co,DAELIM B&Co
대림통상,-0.04627645092590982,-0.024418935553268024,대림통상,DaelimTrading
대상,-0.025008265938271674,-0.09000007089799834,대상,Daesang
대상우,-0.03504654753194125,-0.22385447311450582,대상우,Daesang(1P)
대상홀딩스,-0.04490559841786115,-0.0523382429348036,대상홀딩스,Daesang Holdings
대상홀딩스우,-0.00961927894020681,0.6192773400196813,대상홀딩스우,Daesang Holdings(1P)
대성산업,-0.04466188756677566,0.07857416248489613,대성산업,DAESUNG INDUSTRIAL
대성에너지,-0.03644922695166154,0.13487969382076087,대성에너지,DAESUNG ENERGY
대성홀딩스,-0.03571387202347917,0.013000606925151627,대성홀딩스,DAESUNG HOLDINGS
대신증권,-0.02937706969201981,0.006727212666447422,대신증권,DaishinSecurities
대신증권2우B,-0.031792358616470597,-0.0029943881604312223,대신증권2우B,DAISHINSECURITIES(2PB)
대신증권우,-0.030492873555343976,0.00650735872712463,대신증권우,DaishinSecurities(1P)
대양금속,-0.047627154567117407,0.029127187652692822,대양금속,DaiyangMetal
대영포장,-0.0477774678974025,0.009555985411106192,대영포장,DaeyoungPackaging
대우건설,-0.043397132043818766,-0.007079932337223544,대우건설,DaewooEngineering&Construction
대우부품,-0.0479574467826417,-0.010112957106500052,대우부품,DAEWOO ELECTRONIC COMPONENTS
대웅,-0.026767697450129458,-0.018341063576073798,대웅,Daewoong
대웅제약,0.09635180131124377,-0.014662404112213026,대웅제약,DAEWOONGPHARMACEUTICAL
대원강업,-0.044443665952240086,-0.07084565113302459,대원강업,DaewonKangup
대원전선,-0.04815902024539015,-0.002186491560468881,대원전선,DaewonCable
대원전선우,-0.049845859585931664,-0.1341654052030678,대원전선우,DaewonCable(1P)
대원제약,-0.027216598442963202,0.011484400219852316,대원제약,DaewonPharmaceutical
대원화성,-0.04789987219159718,-0.03788675194129841,대원화성,DaewonChemical
대유에이텍,-0.05286441134515953,-0.08194886802113782,대유에이텍,"DAYOU AUTOMOTIVE SEAT TECHNOLOGY CO.,LTD"
대유플러스,-0.0525153800838141,-0.09279527911349131,대유플러스,DAYOUPLUS
대창,-0.047502053715638544,0.022835432828248334,대창,DAECHANG
대창단조,-0.04146942254950003,-0.0031381860810156567,대창단조,DaechangForging
대한방직,-0.03818702001726947,0.01151145522713701,대한방직,TaihanTextile
대한유화,0.17277415292140852,-0.018139025592197718,대한유화,KOREA PETRO CHEMICAL IND
대한전선,-0.034546682928366504,-0.040225985615098964,대한전선,TaihanElectricWire
대한제강,-0.034422296669535855,-0.10381555114722232,대한제강,Daehan Steel Co. Ltd.
대한제당,-0.04396075233667483,0.05416664904037898,대한제당,TS
대한제당우,-0.04498851375602098,0.033347145307174655,대한제당우,TS(1P)
대한제분,0.12464574617288292,-0.00768601698497594,대한제분,DaehanFlourMill
대한항공,-0.0181163137303642,-0.010862414306074278,대한항공,KoreanAirLines
대한항공우,-0.017936050831642618,-0.01132972480814105,대한항공우,KoreanAirLines(1P)
대한해운,-0.047902540868616936,-0.023683985792760803,대한해운,KoreaLine
대한화섬,0.08996145595060474,0.004134177151944231,대한화섬,DaehanSyntheticFibrer
대현,-0.04630732567773997,0.017455728128195368,대현,Daehyun
대호에이엘,-0.05044264067476491,-0.07379846210200144,대호에이엘,DAEHOAL
더블유게임즈,0.012172371888486423,-0.020741157472618205,더블유게임즈,DoubleUGames
더존비즈온,-0.010161595660461625,-0.0008414028393809418,더존비즈온,DOUZONE BIZON
덕성,-0.04466080988000874,-0.21492255206224042,덕성,Duksung
덕성우,-0.025093836510246527,0.006135846363095205,덕성우,Duksung(1P)
덕양산업,-0.04367014342221608,0.096127295717105,덕양산업,DuckYangIndustry
덴티움,0.12066832771469736,-0.040665637845466764,덴티움,DENTIUM
도화엔지니어링,-0.038573170149785556,-0.00045385131141876617,도화엔지니어링,DOHWA ENGINEERING
동국씨엠,-0.0400268262597236,-0.0007413476695620124,동국씨엠,DONGKUK COATED METAL
동국제강,-0.03607425108446113,-0.04881726736648143,동국제강,DONGKUK STEEL MILL
동국홀딩스,-0.03769859333705951,-0.01572882415927231,동국홀딩스,DONGKUK HOLDINGS
동남합성,-0.003850051650344618,-0.026660544606522403,동남합성,"DONGNAMCHEMICALCO,.LTD."
동방,-0.047074274373177454,-0.0067449825206135575,동방,DongbangTransport&Logistics
동방아그로,-0.040904779325668245,0.0032556783782758526,동방아그로,DongbangAgro
동부건설,-0.041819300500575085,-0.013660015837138358,동부건설,Dongbu Corporation
동부건설우,-0.01622518375237156,-0.018515288128411106,동부건설우,Dongbu(1P)
동서,-0.02401687660820483,0.008070160348259244,동서,DONGSUH
동성제약,-0.04097829586160394,0.0068511381593602235,동성제약,DongsungPharmaceutical
동성케미컬,-0.043332944937302144,0.004939449656516586,동성케미컬,"DONGSUNG CHEMICAL Co., Ltd."
동아쏘시오홀딩스,0.07174828309524314,-0.04433834732299181,동아쏘시오홀딩스,Dong-A Socio Holdings
동아에스티,0.03257792038432323,0.022803923673207833,동아에스티,Donga ST
동아지질,-0.03429503671261974,-0.0953812448500443,동아지질,Dong-Ah Geological Engineering Company
동아타이어,-0.032976442306966,0.004827648489559788,동아타이어,DONG AH TIRE
동양,-0.0479026671609551,0.006672661717105309,동양,TONGYANG
동양2우B,-0.03399974312453553,0.008169783653702526,동양2우B,TONGYANG(2PB)
동양고속,-0.03150936940488935,0.0093202676792921,동양고속,DONGYANG EXPRESS CORP.
동양생명,-0.04477603369407692,-0.058620484765133186,동양생명,TONGYANG LIFE INSURANCE
동양우,-0.043651813078272365,-0.06593223969595305,동양우,TONGYANG(1P)
동양철관,-0.04952037364088818,-0.005211758942618918,동양철관,DongyangSteelPipe
동양피스톤,-0.041412887182620296,0.029668451572903095,동양피스톤,DONGYANG PISTON
동원F&B,-0.00805242235539179,-0.026348668114035644,동원F&B,"DongwonF&B Co.,Ltd."
동원금속,-0.04766006918883161,-0.005213408873448641,동원금속,DONGWON METAL
동원산업,-0.004772226409891534,0.006388650414119526,동원산업,DongwonIndustries
동원수산,-0.038811333024639766,0.026292377585553296,동원수산,DongwonFisheries
동원시스템즈,-0.0057401136362211546,0.01264134271273874,동원시스템즈,Dongwon Systems Corporation
동원시스템즈우,-0.01689579689895047,0.0016991436829997995,동원시스템즈우,Dongwon Systems Corporation(1P)
동인기연,-0.016530868562904203,0.00910044752273073,동인기연,DONG IN ENTECH
동일고무벨트,-0.041655918897901816,-0.01933744586235928,동일고무벨트,DRB Industrial
동일산업,0.013198334564425745,-0.003281373777334392,동일산업,"DONGILINDUSTRIESCO.,LTD"
동일제강,-0.04697763537580912,0.001356967542845568,동일제강,"DONG IL STEEL MFG CO., LTD"
동화약품,-0.03656089058359635,-0.0017830031234297849,동화약품,DongwhaPharm
두산,0.07096454285357956,0.008489562302024063,두산,DOOSAN
두산2우B,0.047826399939916,0.013446712092471592,두산2우B,DOOSAN(2PB)
두산로보틱스,0.06302333065894847,0.0973962049060778,두산로보틱스,Doosan Robotics
두산밥캣,0.013464019561427027,0.015276814758677386,두산밥캣,Doosan Bobcat
두산에너빌리티,-0.02753676984856272,-0.005754095882242397,두산에너빌리티,DOOSAN ENERBILITY
두산우,0.022253703989520843,0.017348493559918566,두산우,DOOSAN(1P)
두산퓨얼셀,-0.01809367999686545,-0.019770568207049755,두산퓨얼셀,Doosan Fuel Cell
두산퓨얼셀1우,-0.03971039845507243,0.00938590196951995,두산퓨얼셀1우,Doosan Fuel Cell(1P)
두산퓨얼셀2우B,-0.03684388912031558,-0.006485061439367059,두산퓨얼셀2우B,Doosan Fuel Cell(2PB)
두올,-0.04461558956960414,0.013648677414197138,두올,DUAL
드림텍,-0.0331753711000673,0.02750744583962822,드림텍,DREAMTECH
디씨엠,-0.033953983701092094,0.015562805872832064,디씨엠,DCMCorp.
디아이,-0.042447453343708474,-0.033550879576075957,디아이,DI
디아이씨,-0.04288873660542815,-0.011495832500759518,디아이씨,DAE-IL Corporation
디앤디플랫폼리츠,-0.04522095578227517,0.0038994759008811625,디앤디플랫폼리츠,D&D platform REIT
디와이,-0.04262423004924476,-0.033717379049802654,디와이,DY Corporation
디와이파워,-0.03332529241122629,-0.025796107555503125,디와이파워,DY POWER Corporation
락앤락,-0.038297180046611305,0.07664415974430258,락앤락,"LOCK&LOCK CO.,LTD."
롯데관광개발,-0.036100586126448966,-0.0026699333664335564,롯데관광개발,"LOTTE TOUR DEVELOPMENT CO., LTD"
롯데렌탈,-0.012108181530864284,0.021637364054343997,롯데렌탈,LOTTE rental
롯데리츠,-0.04614660328405993,-0.03589961722131534,롯데리츠,LOTTE REIT
롯데손해보험,-0.047259700251107595,-0.032464776223014885,롯데손해보험,LotteNon-LifeInsurance
롯데쇼핑,0.05471340776097195,-0.03886027793593226,롯데쇼핑,"LOTTE SHOPPING CO., LTD."
롯데에너지머티리얼즈,0.013597335862314064,0.05117572933325061,롯데에너지머티리얼즈,LOTTE ENERGY MATERIALS CORPORATION
롯데웰푸드,0.12063121606612752,-0.0606057420022018,롯데웰푸드,LOTTE WELLFOOD
롯데정밀화학,0.031078736029383474,0.005683068135958023,롯데정밀화학,LOTTE Fine Chemical
롯데정보통신,-0.011390152233723668,0.024981005373270578,롯데정보통신,LOTTE DATA COMMUNICATION COMPANY
롯데지주,-0.0129439607745086,-0.06313325969258611,롯데지주,Lotte Corporation
롯데지주우,-0.0007647058383788591,0.011423577037762577,롯데지주우,Lotte Corporation(1P)
롯데칠성,0.1543280361754544,-0.025099834318011008,롯데칠성,LotteChilsungBeverage
롯데칠성우,0.04567502460186146,0.004897543318316218,롯데칠성우,LotteChilsungBeverage(1P)
롯데케미칼,0.16575489286168213,-0.020579334550534033,롯데케미칼,LOTTE CHEMICAL CORPORATION
롯데하이마트,-0.03550995413371574,-0.005107679041831035,롯데하이마트,LOTTE Himart
마니커,-0.048440744357509245,-0.009282389626780334,마니커,MANIKER
마스턴프리미어리츠,-0.04657015870564408,-0.0168915644868625,마스턴프리미어리츠,MASTERN PREMIER REIT 1
만호제강,0.015030889244107866,0.005465593747401099,만호제강,ManhoRope&Wire
맥쿼리인프라,-0.0311887567031609,0.009747778730617766,맥쿼리인프라,Macquarie Korea Infrastructure Fund
맵스리얼티1,-0.043670075942337024,0.009667544739180155,맵스리얼티1,MIRAEASSETMAPS ASIAPACIFIC REAL ESTATE 1
메리츠금융지주,0.026117771566654353,-0.020383313268535527,메리츠금융지주,Meritz Financial Group
메타랩스,-0.04592735371165431,0.0201945441470124,메타랩스,METALABS
명문제약,-0.0472945058731388,-0.025180295779029943,명문제약,MyungMoon Pharm
명신산업,-0.022816904103674093,0.01684098759372286,명신산업,MYOUNG SHIN INDUSTRY
모나리자,-0.04764926306326967,-0.05738135848313288,모나리자,Monalisa
모나미,-0.045613764994846165,3.84438317342839e-05,모나미,Monami
모두투어리츠,-0.03123340228669589,0.03589323614871506,모두투어리츠,MODETOURREIT
모토닉,-0.03852124370681162,-0.019467465430327662,모토닉,MOTONIC
무림P&P,-0.045226054984188385,0.0006617213735701169,무림P&P,Moorim P&P
무림페이퍼,-0.046985859909650145,-0.011743445146190308,무림페이퍼,MOORIM PAPER
무학,-0.042813808836165285,-0.019413629068819927,무학,Muhak
문배철강,-0.0453401760500327,0.004577822108047681,문배철강,MoonbaeSteel
미래산업,-0.04667813924383416,-0.021393790175512982,미래산업,MiraeCorporation
미래아이앤지,-0.04845004097107818,-0.014244337339834903,미래아이앤지,MiraeING
미래에셋글로벌리츠,-0.04581469262720154,0.011070364801342249,미래에셋글로벌리츠,Mirae Asset Global REIT
미래에셋맵스리츠,-0.04722156733031571,-0.05980683754936531,미래에셋맵스리츠,Miraeasset Maps REIT 1
미래에셋생명,-0.041222411880184454,0.02370188455990743,미래에셋생명,"MIRAE ASSET Life Insurance CO., Ltd."
미래에셋증권,-0.03976575119302087,-0.028724316997904762,미래에셋증권,MIRAE ASSET SECURITIES
미래에셋증권2우B,-0.044898856255541596,-0.017158536155763373,미래에셋증권2우B,MIRAE ASSET SECURITIES(2PB)
미래에셋증권우,-0.04528860714310422,-0.03877852978478172,미래에셋증권우,MIRAE ASSET SECURITIES(1P)
미원상사,0.17415930482091332,-0.02072364208207502,미원상사,MiwonCommercial
미원에스씨,0.13731053287325118,0.01685185423551584,미원에스씨,Miwon Specialty Chemical
미원홀딩스,0.061758044668920986,0.0021899918262522668,미원홀딩스,"Miwon Holdings Co.,Ltd."
미원화학,0.04523569625903734,0.02288169051818925,미원화학,Miwon Chemicals
미창석유,0.05443563861935528,0.004763211497645166,미창석유,MichangOilInd
바이오노트,-0.044806242029135766,-0.03381340046363025,바이오노트,BioNote
방림,-0.04679993930837811,0.0038567177173045577,방림,Pangrim
백광산업,-0.03868826832510691,0.0066611456084209,백광산업,PaikkwangIndustrial
백산,-0.034050320903904384,0.06346406545369143,백산,Baiksan
범양건영,-0.04847439937626541,-0.0598364012084456,범양건영,BUMYANG CONSTRUCTION
벽산,-0.04668066360458612,-0.02991085646644063,벽산,Byuksan
보락,-0.04794708360661825,-0.0037137970666053038,보락,Bolak
보령,-0.037252059549971295,-0.034755794775026834,보령,Boryung
보해양조,-0.04832539880908633,0.02026247348036751,보해양조,BohaeBrewery
부광약품,-0.0417993299368745,-0.017814045917418787,부광약품,BukwangPharmaceutical
부국증권,-0.01891163745503244,0.006104551562059342,부국증권,BookookSecurities
부국증권우,-0.022913577020730783,0.006111274964718829,부국증권우,BookookSecurities(1P)
부국철강,-0.04348194089332375,0.08081887081611105,부국철강,Bookook Steel
부산산업,0.03466174192579984,-0.1311463712001114,부산산업,BusanIndustrial
부산주공,-0.048704821129053444,0.007010573250053366,부산주공,PusanCastIron
비비안,-0.05053894451217015,-0.09365737545980121,비비안,VIVIEN CORPORATION
비상교육,-0.044042119544114654,-0.059678187952343566,비상교육,VISANG EDUCATION INC
비에이치,-0.02008499257923322,0.01881928546440867,비에이치,BH
비케이탑스,-0.04817990195043234,0.006657246382795667,비케이탑스,BK TOPS
빙그레,0.02503529174141321,-0.037719199366572746,빙그레,Binggrae
사조대림,-0.004840679842296867,0.01560953370831896,사조대림,SAJODAERIM
사조동아원,-0.04863003310016688,-0.011027941856187887,사조동아원,SAJODONGAONE
사조산업,0.007234914176698401,0.054882767011881835,사조산업,SajoIndustries
사조씨푸드,-0.04498080903263979,-0.012599397923736828,사조씨푸드,SAJOSEAFOOD
사조오양,-0.038063745383038444,-0.0031600198104477064,사조오양,OYANG
삼부토건,-0.046246928951183326,0.017797647286125016,삼부토건,SambuEngineering&Construction
삼성FN리츠,-0.042220408626798225,0.015192501161069677,삼성FN리츠,SamsungFN REIT
삼성SDI,0.603267583566527,0.07369829800807601,삼성SDI,"SAMSUNG SDI CO.,LTD."
삼성SDI우,0.28690355812216617,0.030318467394047654,삼성SDI우,SAMSUNG SDI(1P)
삼성공조,-0.037049129750817096,0.006404543056697878,삼성공조,"SamsungClimateControlCo.,Ltd"
삼성물산,0.11538329430240728,-0.013144170742549413,삼성물산,SAMSUNG C&T CORPORATION
삼성물산우B,0.07231750326205744,0.013647562522342348,삼성물산우B,SAMSUNG C&T CORPORATION(1PB)
삼성바이오로직스,0.9571039452809808,-3.4254552532920575e-05,삼성바이오로직스,SAMSUNG BIOLOGICS
삼성생명,0.04746076034939357,-0.021171589011091948,삼성생명,Samsung Life Insurance
삼성에스디에스,0.18279301084401764,0.10143382374664396,삼성에스디에스,"SAMSUNG SDS CO., LTD."
삼성엔지니어링,-0.01665719556811573,-0.06934825317578597,삼성엔지니어링,SamsungEngineering
삼성전기,0.15314018806500893,0.0363450111104155,삼성전기,SamsungElectroMechanics
삼성전기우,0.04398768580055527,0.017015821221418807,삼성전기우,SamsungElectroMechanics(1P)
삼성전자,0.1382688128085114,0.12324392066297578,삼성전자,SamsungElectronics
삼성전자우,0.03937361631977535,0.012791056523759862,삼성전자우,SamsungElectronics(1P)
삼성제약,-0.04706422962712489,-0.022714701127228547,삼성제약,SAMSUNG PHARMACEUTICAL
삼성중공업,-0.038484512669222606,0.003216528406439478,삼성중공업,SamsungHeavyIndustries
삼성증권,0.0031723854503923174,-0.01122118881300778,삼성증권,SamsungSecurities
삼성출판사,-0.02960098982254288,-0.015243631768942018,삼성출판사,SAMSUNG PUBLISHING
삼성카드,-0.004871811309521711,-0.011595130559079875,삼성카드,"SAMSUNG CARD CO., LTD."
삼성화재,0.3091555337070944,-0.06580932659288698,삼성화재,SamsungFire&MarineInsurance
삼성화재우,0.20838796473016064,-0.0074362391184382755,삼성화재우,SamsungFire&MarineInsurance(1P)
삼아알미늄,0.11571433046384987,0.01940912184532579,삼아알미늄,SamaAluminium
삼양사,0.010992463155384023,0.0033898063009078164,삼양사,Samyang Corporation
삼양사우,-0.014932087307575812,0.005953740260428852,삼양사우,Samyang Corporation(1P)
삼양식품,0.24618102875878228,-0.01698041195349758,삼양식품,SamyangFoods
삼양통상,0.014472344054478925,0.005468148162828522,삼양통상,SamyangTongsang
삼양패키징,-0.02822185825093426,-0.01040936317696137,삼양패키징,SAMYANG PACKAGING
삼양홀딩스,0.04477617969616153,-0.006819520113684563,삼양홀딩스,SAMYANGHOLDINGS
삼양홀딩스우,0.02322957411138006,0.009161688163386245,삼양홀딩스우,SAMYANGHOLDINGS(1P)
삼영,-0.04026786233265152,0.08077120096983971,삼영,SAMYOUNG
삼영무역,-0.03212653506665863,0.0031304646622138917,삼영무역,SamyungTrading
삼영전자,-0.03844969351622856,-0.0009918824948519842,삼영전자,SamyoungElectronics
삼원강재,-0.04561645842854826,-0.003378266968258484,삼원강재,"SAMWONSTEEL Co., Ltd."
삼익THK,-0.03502837493784408,-0.0008641907540102359,삼익THK,SAMICK THK
삼익악기,-0.047394454461390324,0.024126821917642066,삼익악기,SamickMusicalInstruments
삼일씨엔에스,-0.043200321512873445,0.0020943710570578197,삼일씨엔에스,SAMIL C&S
삼일제약,-0.042111402009852014,-0.03236948077721051,삼일제약,SamilPharmaceutical
삼정펄프,-0.015216963576036196,0.010056191660300107,삼정펄프,"SAM JUNG PULP CO,.LTD."
삼진제약,-0.019700312708503778,-0.0029129393082428586,삼진제약,SamjinPharmaceutical
삼천리,0.08148092582427269,-0.012550033177139515,삼천리,Samchully
삼호개발,-0.045036980895110476,-0.005113035884529717,삼호개발,"Samho Development Co., Ltd."
삼화왕관,-0.006828364116511203,-0.022737003735663845,삼화왕관,SamhwaCrown&Closure
삼화전기,-0.029503776452473974,-0.02396970448732349,삼화전기,SamwhaElectric
삼화전자,-0.04551495900595287,-0.0242849365336945,삼화전자,SamwhaElectronics
삼화콘덴서,0.0032336577009140135,-0.004461156596623887,삼화콘덴서,SamwhaCapacitor
삼화페인트,-0.04077716173799078,-0.008572681164144409,삼화페인트,SamhwaPaintIndustrial
상상인증권,-0.048525725293215256,-0.00040174278047856987,상상인증권,SANGSANGININVESTMENT&SECURITIES
상신브레이크,-0.04383456986485398,0.029668622193772944,상신브레이크,SANGSINBRAKE
새론오토모티브,-0.04404062872081571,0.003926087450501993,새론오토모티브,SaeronAutomotiveCorporation
샘표,0.015514085020506795,0.0011717770330389248,샘표,SEMPIO
샘표식품,-0.013386057151745654,-0.012923100696738786,샘표식품,SEMPIO FOODS
서연,-0.04005170424351033,-0.05215279407730527,서연,SEOYON
서연이화,-0.027376545572744215,-0.0386697685033257,서연이화,SEOYONEHWA
서울가스,0.032968823297935615,-0.0015284379155138096,서울가스,SeoulCityGas
서울식품,-0.04844859531222706,0.03489728974877724,서울식품,SeoulFoodInd
서울식품우,-0.045462198392078615,0.05346069888092207,서울식품우,SeoulFoodInd(1P)
서원,-0.04629847650634382,0.0602884358320806,서원,Seowon
서흥,-0.010835397429466534,0.020691633666341993,서흥,SUHEUNG
선도전기,-0.04531153122830927,0.006590802513628304,선도전기,SeondoElectric
선진,-0.04041085890582388,-0.010765283221847334,선진,"SUNJIN Co., Ltd"
성문전자,-0.048320265276157126,-0.024911665918612182,성문전자,SungmoonElectronics
성문전자우,-0.04158452112405996,-0.04867883084582592,성문전자우,SungmoonElectronics(1P)
성보화학,-0.04528341014144999,0.01028598182344795,성보화학,SungboChemical
성신양회,-0.038002285273821254,-0.011686519010317488,성신양회,SungshinCement
성신양회우,-0.03343552124650517,-0.04650122312187932,성신양회우,SungshinCement(1P)
성안,-0.05052994919646679,-0.08822024230948193,성안,Seongan
성창기업지주,-0.04665049219503594,0.06272916915653656,성창기업지주,SungchangEnterpriseHoldings
세기상사,-0.04004846060590437,0.018901914295618397,세기상사,TheCentury
세방,-0.03242336447918257,0.0426232086358521,세방,SEBANG
세방우,-0.04157397454594199,-0.043548421432784534,세방우,SEBANG(1P)
세방전지,0.024832666475110027,0.052723243307323635,세방전지,SEBANG GLOBAL BATTERY
세아베스틸지주,-0.016006344747916866,-0.032578309169758304,세아베스틸지주,SeAH Besteel Holdings Corporation
세아제강,0.1312598128883408,0.012838985596769327,세아제강,SeAH Steel Corporation
세아제강지주,0.21591040614383603,0.015896078417648493,세아제강지주,SeAH Steel Holdings Corporation
세아특수강,-0.029893504030101395,-0.002044137035796149,세아특수강,SeAH SPECIAL STEEL
세아홀딩스,0.0975580601066442,0.009756418764546608,세아홀딩스,SeAHHoldings
세우글로벌,-0.04711525752707312,0.021958914185735832,세우글로벌,Sewooglobal
세원이앤씨,-0.04765658580501405,0.00678176831312179,세원이앤씨,"SEWON E&C CO.,LTD."
세원정공,-0.040593436016390295,0.00035222633709577027,세원정공,SewonPrecisionIndustry
세이브존I&C,-0.046375954915723674,-0.0016805717000055777,세이브존I&C,SAVEZONEI&C
세종공업,-0.04333776837139993,-0.043998726970152995,세종공업,"SEJONG INDUSTRIAL CO., LTD."
세진중공업,-0.04381734077228861,-0.013158446712593377,세진중공업,"SEJIN HEAVY INDUSTRIES CO., LTD."
셀트리온,0.1751076287798026,-0.033762719044392764,셀트리온,Celltrion
솔루스첨단소재,-0.015809950285526977,0.03237755203518089,솔루스첨단소재,Solus Advanced Materials
솔루스첨단소재1우,-0.042156526170368566,0.010450224489057735,솔루스첨단소재1우,Solus Advanced Materials(1P)
솔루스첨단소재2우B,-0.039535105656791115,0.003533953097307463,솔루스첨단소재2우B,Solus Advanced Materials(2PB)
솔루엠,-0.010280323521447294,0.04174032644086134,솔루엠,SOLUM
송원산업,-0.021625777482184732,0.08499790897970437,송원산업,SongwonIndustrial
수산인더스트리,-0.02231251425788281,0.020024915974165752,수산인더스트리,Soosan Industries
수산중공업,-0.04742908397768615,-0.021860261448057278,수산중공업,SoosanHeavyIndustries
스카이라이프,-0.04122764629500122,0.00015298966600905134,스카이라이프,"KT Skylife Co., Ltd."
스틱인베스트먼트,-0.0386642129701444,0.06745569615710094,스틱인베스트먼트,"STIC Investments, Inc."
시디즈,-0.013018095907253367,-0.009141809294598173,시디즈,"Sidiz,Inc"
신대양제지,-0.041361969341236274,0.014195615066146743,신대양제지,ShindaeyangPaper
신도리코,-0.003914210392880009,0.008929587699174393,신도리코,SINDOH
신라교역,-0.0370999022721604,0.01588629476385524,신라교역,Silla
신성이엔지,-0.04688523756994085,0.009315075611912693,신성이엔지,SHINSUNG E&G
신성통상,-0.046791819202445545,0.0063751974018887375,신성통상,ShinsungTongsang
신세계,0.18206906058581812,-0.017276308248424806,신세계,"Shinsegae Co.,Ltd"
신세계 I&C,-0.03249250667333843,0.0032653255000308196,신세계 I&C,SHINSEGAE INFORMATION & COMMUNICATION Co
신세계건설,-0.03333852029000764,-0.07161575268239095,신세계건설,ShinsegaeEngineering&Construction
신세계인터내셔날,-0.027226036465966927,-0.019950565449291774,신세계인터내셔날,SHINSEGAE INTERNATIONAL
신세계푸드,0.005485890018828268,-0.0427016762738824,신세계푸드,SHINSEGAE FOOD
신송홀딩스,-0.0392923888880142,0.04798610370771537,신송홀딩스,SINGSONGHOLDINGS
신영와코루,-0.037028235746737324,-0.010740854864250953,신영와코루,ShinyoungWacoal
신영증권,0.030639357640377958,-0.008620845702698906,신영증권,ShinyoungSecurities
신영증권우,0.030569701403673055,-0.005176559907252211,신영증권우,ShinyoungSecurities(1P)
신원,-0.0476939361883881,0.002738879571681214,신원,Shinwon
신일전자,-0.04671487762767731,0.011108578833400145,신일전자,SHINIL ELECTRONICS
신풍,-0.04909888661901359,-0.019987814868229162,신풍,SHINPOONG INC.
신풍제약,-0.03305524295361977,-0.026178084053569018,신풍제약,ShinpoongPharmaceutical
신풍제약우,-0.02402358111931851,-0.014061326216898705,신풍제약우,ShinpoongPharmaceutical(1P)
신한서부티엔디리츠,-0.044081170639065324,0.018161092877812285,신한서부티엔디리츠,SHINHAN SEOBU T&D REIT
신한알파리츠,-0.04048747852462653,0.004579606944315529,신한알파리츠,Shinhan Alpha REIT
신한지주,0.0030301990033915686,-0.02459905299235136,신한지주,"ShinhanFinancialGroup Co.,Ltd."
신흥,-0.029944200510007436,0.006286360345942919,신흥,Shinhung
쌍방울,-0.04885932889345269,0.008110232856240391,쌍방울,SBW
쌍용C&E,-0.04108672670281219,-0.01608571435108271,쌍용C&E,SSANGYONGC&E
써니전자,-0.04581016698880949,0.02066549165552804,써니전자,SunnyElectronics
쏘카,-0.026702583415696757,0.05521000946965323,쏘카,SOCAR
씨아이테크,-0.046162060082825335,0.05699195765228943,씨아이테크,CITECH
씨에스윈드,0.020859818533123832,-0.0012627461411410434,씨에스윈드,CS Wind Corporation
씨티알모빌리티,-0.030826445344450157,0.036936342917735766,씨티알모빌리티,"CTR Mobility Co.,Ltd."
아남전자,-0.04612781531752532,0.08952983154527333,아남전자,AnamElectronics
아모레G,-0.010610018885852592,0.0001498365327460493,아모레G,AmoreG
아모레G3우(전환),-0.024408995546886185,0.00397686647880163,아모레G3우(전환),AMOREG(3PC)
아모레G우,-0.03659794458107199,-0.008315011916345573,아모레G우,AmoreG(1P)
아모레퍼시픽,0.13358755347484466,0.0001271593699933616,아모레퍼시픽,AMOREPACIFIC CORPORATION
아모레퍼시픽우,0.0010807951074112468,0.011362173398586892,아모레퍼시픽우,AMOREPACIFIC CORPORATION(1P)
아세아,0.1747600590271307,0.019004739707015203,아세아,ASIA HOLDINGS
아세아시멘트,-0.035212851601324924,0.001038250253330652,아세아시멘트,ASIACEMENT
아세아제지,0.005905795478472666,-0.001801053178463017,아세아제지,AsiaPaperManufacturing
아센디오,-0.04611526254806432,0.0777129536498929,아센디오,Ascendio
아시아나IDT,-0.030959518955706467,-0.026858833463274945,아시아나IDT,AsianaIDT
아시아나항공,-0.03482804205797825,0.0034608798255932284,아시아나항공,Asiana Airlines
아이마켓코리아,-0.03794909044654736,0.009084891230356034,아이마켓코리아,iMarketKorea Inc.
아이에스동서,-0.012192931774357034,-0.004880883278882264,아이에스동서,IS DONGSEO
아주스틸,-0.04044703635360116,-0.008292911159278899,아주스틸,AJUSTEEL
알루코,-0.04446493777555567,0.04088242327416292,알루코,"ALUKO CO.,LTD."
애경산업,-0.02295768820733582,0.012877335328517753,애경산업,AEKYUNG INDUSTRIAL
애경케미칼,-0.032167704932271855,0.01679257232732439,애경케미칼,AEKYUNG CHEMICAL
에넥스,-0.050101693227653385,-0.04569950155862242,에넥스,Enex
에스디바이오센서,-0.034522345291440396,-0.034932596794083455,에스디바이오센서,SD Biosensor
에스메디,-0.049388471728693484,-0.011362489898848289,에스메디,SMEDI
에스엘,-0.004451496601129779,0.0034917627788363364,에스엘,SLCORPORATION
에스엠벡셀,-0.046982776882217595,0.0021259129754832504,에스엠벡셀,"SM BEXEL CO.,LTD."
에스원,0.03134695681512361,-0.034221207684222384,에스원,S-1
에쓰씨엔지니어링,-0.04533651397433632,0.08568809180634962,에쓰씨엔지니어링,SC ENGINEERING
에어부산,-0.048108113302003416,-0.08108372067314247,에어부산,AirBusan
에이리츠,-0.044193213806749475,0.017919059783003198,에이리츠,A SELF-ADMINISTERED REAL ESTATE INVESTMENT TRUST INC.
에이블씨엔씨,-0.04048335395621831,-0.026493730054160076,에이블씨엔씨,ABLE C&C
에이엔피,-0.04898546717364496,-0.04779573129060091,에이엔피,AUTOMOBILE&PCB
에이프로젠,-0.048818267015948456,-0.0029861046293287938,에이프로젠,Aprogen
에이프로젠바이오로직스,-0.0490466656211946,0.023916221417967665,에이프로젠바이오로직스,Aprogen Biologics
에이플러스에셋,-0.04367734865886167,0.0019870254130437918,에이플러스에셋,A Plus Asset
에코프로머티,0.13850204294497656,0.10513376249829876,에코프로머티,ECOPRO MATERIALS
엔씨소프트,0.3114146248877429,-0.010156599780665977,엔씨소프트,NCsoftCorporation
엔에이치스팩19호,-0.0355380518809472,0.0046299941586827155,엔에이치스팩19호,NH SPECIAL PURPOSE ACQUISITION 19 COMPANY
엔케이,-0.0482608350098641,-0.00041233952964566057,엔케이,NK
엘브이엠씨홀딩스,-0.047158918577103054,-0.025982152274114944,엘브이엠씨홀딩스,LVMC Holdings
엠씨넥스,-0.005269988518163197,0.0909165462098797,엠씨넥스,"MCNEX Co.,Ltd."
영보화학,-0.04644448021428438,-0.057560507792787104,영보화학,YoungboChemical
영원무역,0.011016778781773288,-0.018559214350508512,영원무역,Youngone Corporation
영원무역홀딩스,0.05553011186726398,-0.04623943216489298,영원무역홀딩스,YoungoneHoldings
영진약품,-0.046728309404314,-0.0010390213961101683,영진약품,YUNGJIN PHARM
영풍,0.6453521399392886,-0.03713279757270076,영풍,Youngpoong
영풍제지,-0.04513196315490773,0.1729671504513379,영풍제지,YoungpoongPaperMfg
영화금속,-0.05220775407620954,-0.13633242416519747,영화금속,YeonghwaMetal
영흥,-0.04946201550672197,-0.02398583785231764,영흥,YOUNGWIRE
예스코홀딩스,-0.0012929113903011543,0.0057703770520854064,예스코홀딩스,Yesco Holdings
오뚜기,0.47062092903615205,-0.057035083621149535,오뚜기,Ottogi
오리엔트바이오,-0.0483309622423302,0.014444881911422628,오리엔트바이오,ORIENTBIO
오리온,0.1100935507403373,-0.021192174255909677,오리온,ORION
오리온홀딩스,-0.027548247773175622,0.004184834861240251,오리온홀딩스,ORION Holdings
와이투솔루션,-0.04420438191856094,0.049987031672129444,와이투솔루션,Y2 Solution
용평리조트,-0.045480357894107835,-0.00890992574079917,용평리조트,YONG PYONG RESORT CORPORATION
우리금융지주,-0.03026945210510464,-0.0012080791523014153,우리금융지주,WooriFinancialGroup
우성,-0.020040632151328158,0.035908831560817145,우성,WOOSUNG
우신시스템,-0.03612244218923986,0.04742808782416601,우신시스템,WooshinSystems
우진,-0.039965771017072445,-0.07149799946277183,우진,WOOJIN INC
우진아이엔에스,-0.04151892782781002,0.025476132872158677,우진아이엔에스,WOOJINI&S
우진플라임,-0.04624063905815179,-0.03208165181523807,우진플라임,"WOOJIN PLAIMM CO., LTD"
웅진,-0.049805052870479455,-0.06862019586929308,웅진,WOONGJIN
웅진씽크빅,-0.04659719162772888,0.006116370133225099,웅진씽크빅,"WOONGJIN THINKBIG CO., LTD."
원림,-0.023889031863800397,0.0051245094661296646,원림,Wonlim
웰바이오텍,-0.048054840326357755,0.0018244686062386497,웰바이오텍,WELLBIOTEC
윌비스,-0.04657301966839277,0.09911155075999875,윌비스,TheWillBes
유나이티드제약,-0.015384895753271843,-0.0058208618966977994,유나이티드제약,Korea United Pharm. Inc.
유니드,0.057146295329972355,0.026180835204001357,유니드,UNID
유니드비티플러스,-0.038982777510603896,-0.01763079388829051,유니드비티플러스,UNID btplus
유니온,-0.043400612490411855,-0.024657081178574448,유니온,Union
유니온머티리얼,-0.04673325884691718,-0.022648524025845607,유니온머티리얼,Union Materials Corp.
유니켐,-0.04781715629944231,-0.012536863729373767,유니켐,"UNI CHEM.CO.,LTD"
유니퀘스트,-0.04196867906747918,0.015350800707264384,유니퀘스트,Uniquest Corporation
유성기업,-0.04547019072747433,0.006755054059011364,유성기업,YoosungEnterprise
유수홀딩스,-0.04105852131691135,0.02068223096231707,유수홀딩스,EUSU HOLDINGS
유안타증권,-0.04610418393683038,-0.0075948409877477745,유안타증권,Yuanta Securities Korea
유안타증권우,-0.04572537224145761,0.010467237986405819,유안타증권우,Yuanta Securities Korea(1P)
유엔젤,-0.04089120923956102,0.1353842092322491,유엔젤,UANGEL
유유제약,-0.044036579465849594,-0.04568432614279006,유유제약,YuyuPharma
유유제약1우,-0.04485462813833846,-0.1090102825956589,유유제약1우,YuyuPharma(1P)
유유제약2우B,-0.03791286981412096,-0.27783910933314043,유유제약2우B,YuyuPharma(2PB)
유진투자증권,-0.04361689317136511,0.022734052575365225,유진투자증권,EUGENE INVESTMENT & SECURITIES
유한양행,0.034826591522349716,-0.028622934838237756,유한양행,Yuhan
유한양행우,0.03144222344739473,0.019028986543986562,유한양행우,Yuhan(1P)
유화증권,-0.04561932735807974,0.029509515202257357,유화증권,YuhwaSecurities
유화증권우,-0.046319048631612916,0.00660420571841117,유화증권우,YuhwaSecurities(1P)
율촌화학,-0.0031052695823093556,-0.017371727223642667,율촌화학,YoulchonChemical
이건산업,-0.04178575215531895,-0.04712076718923117,이건산업,EagonIndustrial
이구산업,-0.043184202358733645,0.055477748773440624,이구산업,LeekuIndustrial
이노션,-0.021614239396490733,-0.01293837546227515,이노션,INNOCEAN WORLDWIDE INC.
이리츠코크렙,-0.04227315769906295,0.010984716947774772,이리츠코크렙,E KOCREF CR-REIT
이마트,0.053375331379366446,-0.0464697547324099,이마트,"E-MART Co., Ltd."
이수스페셜티케미컬,0.15560455407978385,-0.00870615865646633,이수스페셜티케미컬,ISU SPECIALTY CHEMICAL
이수페타시스,-0.009569735022458791,-0.024506991915479972,이수페타시스,ISUPETASYS
이수화학,-0.0323420792673082,-0.003912056716467801,이수화학,IsuChemical
이스타코,-0.04807576276140121,0.01780945031356618,이스타코,e-STARCO
이아이디,-0.047285633633456114,0.007994142875880367,이아이디,E Investment&Development
이엔플러스,-0.04591429449919242,-0.05081509266088509,이엔플러스,ENPLUS
이연제약,-0.03018114518601671,-0.02882725591573328,이연제약,REYON PHARMACEUTICAL
이월드,-0.04801884385880832,-0.010665118655610815,이월드,E-WORLD
이지스레지던스리츠,-0.04407931221985938,0.014848214199529804,이지스레지던스리츠,IGIS RESIDENCE REIT
이지스밸류리츠,-0.04316646514839457,0.011573036395961786,이지스밸류리츠,IGIS Value Plus REIT
이화산업,-0.026871141289115892,0.037626124072376664,이화산업,RIFA
인디에프,-0.04842386791595649,0.0046681487060024635,인디에프,In the F
인바이오젠,-0.0366468262842437,0.006395418547646125,인바이오젠,INBIOGEN
인스코비,-0.047842601988902514,0.003213177082741791,인스코비,Inscobee
인지컨트롤스,-0.0389897076899874,-0.008419853589157603,인지컨트롤스,InziControls
인천도시가스,-0.01374704214474313,0.005967461788709551,인천도시가스,INCHEON CITY GAS
인터지스,-0.04709816686907773,-0.02995471509003159,인터지스,INTERGIS
인팩,-0.03692230073080739,0.017902931056711136,인팩,INFAC
일동제약,-0.02754662566425355,-0.03250272102590692,일동제약,ILDONG PHARM
일동홀딩스,-0.035858564215269166,-0.0034499561807158985,일동홀딩스,ILDONG HOLDINGS
일성건설,-0.047522041995638434,-0.008081379370889218,일성건설,IlsungConstruction
일성신약,-0.019985110858790664,0.0014623240163489089,일성신약,IlsungPharmaceutical
일신방직,-0.03740584119505189,0.0019322423064067006,일신방직,IlshinSpinning
일신석재,-0.047850064725872436,0.012007804582450085,일신석재,IlshinStone
일양약품,-0.029903013789724292,-0.023332025651522745,일양약품,IlyangPharmaceutical
일양약품우,-0.029078113843309664,-0.02604302371634972,일양약품우,IlyangPharmaceutical(1P)
일정실업,-0.03180462690081738,0.006251236130078274,일정실업,IljeongIndustrial
일진다이아,-0.031388276728953196,-0.004184417080467981,일진다이아,"ILJIN DIAMOND CO., LTD"
일진디스플,-0.043885578772634576,0.1964845074686468,일진디스플,ILJIN DISPLAY
일진전기,-0.03152549652035814,-0.013605259694344424,일진전기,ILJIN ELECTRIC
일진하이솔루스,-0.019720172148777998,-0.06207951930498007,일진하이솔루스,ILJIN HYSOLUS
일진홀딩스,-0.044842992550563315,-0.01901736683413453,일진홀딩스,ILJINHOLDINGS
잇츠한불,-0.0332065117269099,-0.005295190159739868,잇츠한불,ITSHANBUL
자이에스앤디,-0.04210237133798377,0.014788876003487317,자이에스앤디,XI S&D
자화전자,-0.010418251500703976,0.07839570910540773,자화전자,JahwaElectronics
전방,-0.016446153891053288,0.010278878671981894,전방,Chonbang
제이알글로벌리츠,-0.04355808126689054,0.0031663998015496785,제이알글로벌리츠,JR GLOBAL REIT
제이에스코퍼레이션,-0.028085689410908454,-0.023170681239746572,제이에스코퍼레이션,JS Corporation
제이준코스메틱,-0.04115035660384578,0.024625652033691926,제이준코스메틱,Jayjun Cosmetic
제일기획,-0.02322856546045059,-0.0392812725214926,제일기획,CheilWorldwide
제일약품,-0.027839770462843305,-0.025432572634309016,제일약품,JEIL PHARM
제일연마,-0.03994133048779074,-0.05616679800355228,제일연마,"CHEILGRINDINGWHEELIND.CO.,LTD"
제일파마홀딩스,-0.033773244987577666,-0.007071159027254691,제일파마홀딩스,JEIL PHARMA HOLDINGS INC.
제주은행,-0.039048384681947934,-0.017342190647300148,제주은행,Jeju Bank
제주항공,-0.034560960295472856,-0.005429406754936579,제주항공,"JEJUAIR, CO., LTD."
조광페인트,-0.04124578078250274,-0.006540377016195708,조광페인트,ChokwangPaint
조광피혁,0.019349034060386645,0.019703664660573838,조광피혁,ChokwangLeather
조비,-0.03276773350854451,-0.01442613329064611,조비,Chobi
조선내화,-0.018650270342809135,-0.011451370992239586,조선내화,Chosun Refractories
조선선재,0.08859320442129259,0.00416116462276656,조선선재,"CHOSUN WELDING POHANG Co., Ltd"
조일알미늄,-0.046579028022109524,0.011298506288846032,조일알미늄,CHOILALUMINUM
조흥,0.18402743599955212,0.00493015882017354,조흥,CHOHEUNG CORPORATION
종근당,0.11853130584876342,-0.05249389104994963,종근당,CHONGKUNDANG
종근당바이오,-0.022316476692340048,-0.04178828774172655,종근당바이오,CKDBioCorporation
종근당홀딩스,0.028623068478634855,-0.005334945085842824,종근당홀딩스,CHONGKUNDANG HOLDINGS CORP.
주연테크,-0.04717061881010798,0.06176664308654394,주연테크,JOOYONTECH
지누스,-0.028281050046889633,-0.021092024438097,지누스,ZINUS
지엠비코리아,-0.04389973829470086,-0.002951386369090981,지엠비코리아,GMB Korea
지역난방공사,-0.016952677768211976,-0.002489785975416326,지역난방공사,Korea District Heating
진도,-0.04652490056695414,0.001921728995836293,진도,"JINDO.CO.,LTD"
진양산업,-0.03870367436960784,0.03518956213550106,진양산업,Chinyang Industry
진양폴리,-0.03899306019643652,0.02360400288210087,진양폴리,ChinYangPolyurethane
진양홀딩스,-0.045038722045604745,0.003997004102272883,진양홀딩스,Chinyang Holdings Corporation
진양화학,-0.045542301294777356,-0.012123489263148915,진양화학,ChinYangChemicalCorporation
진에어,-0.03288436526392047,0.0068331262437194345,진에어,JIN AIR
진원생명과학,-0.049226455567933994,-0.12624786019876053,진원생명과학,GeneOneLifeScience
진흥기업,-0.05036562063103347,-0.07196929539181303,진흥기업,ChinhungInternational
진흥기업2우B,-0.03394799615530199,-0.019227577571209964,진흥기업2우B,CHINHUNG INT (2PB)
진흥기업우B,-0.044359453352357005,-0.023729989880841757,진흥기업우B,CHINHUNG INT(1PB)
참엔지니어링,-0.050880941117351766,-0.06410141101158615,참엔지니어링,Charm Engineering
천일고속,0.014971356723942349,-0.0031313062214915217,천일고속,ChunilExpress
청호ICT,-0.04597901250929343,0.006758021642802194,청호ICT,CHUNGHO ICT
체시스,-0.0490450638974917,-0.06050764309467288,체시스,"CHASYS Co.,Ltd"
카카오,0.023409818782228375,-0.0075679371036025305,카카오,Kakao
카카오뱅크,-0.01189779539291815,-0.009829125166071808,카카오뱅크,KakaoBank Corp.
카카오페이,0.013059570496806493,-0.030112311846945482,카카오페이,kakaopay
카프로,-0.05037588041775897,-0.06888649055707113,카프로,CAPRO
컨버즈,-0.04377548312855165,0.006684402907880566,컨버즈,CONBUZZ
케이비아이동국실업,-0.048568426946677234,0.007514651781362351,케이비아이동국실업,KBI DONGKOOK IND
케이씨,-0.025122423466923276,-0.008404523738222367,케이씨,KC
케이씨텍,-0.012888269718966627,0.026995889891926354,케이씨텍,KCTECH
케이카,-0.03395965677515266,0.025923975621092225,케이카,K Car
케이탑리츠,-0.04784027955527778,0.013163178299265603,케이탑리츠,KTOPREITs
코람코더원리츠,-0.043340113358451504,-0.008290765480316466,코람코더원리츠,KORAMCO THE ONE REIT
코람코라이프인프라리츠,-0.043789761066485716,-0.05302896116591984,코람코라이프인프라리츠,KORAMCO LIFE INFRA REIT
코리아써우,-0.040287053062952737,0.009524241801752254,코리아써우,KoreaCircuit(1P)
코리아써키트,-0.02642860331865214,0.008394545581811044,코리아써키트,KoreaCircuit
코리아써키트2우B,-0.039609108030129035,-0.012384918621450398,코리아써키트2우B,KOREA CIRCUIT(2PB)
코리안리,-0.03857872633918278,-0.0068423867401530515,코리안리,Korean Reinsurance Company
코스맥스,0.10383797652393192,-0.02083066956776382,코스맥스,"COSMAX, INC."
코스맥스비티아이,-0.03510367059554223,0.012317286533001976,코스맥스비티아이,COSMAX BTI
코스모신소재,0.1787582485667295,0.0853901239747607,코스모신소재,CosmoAM&T
코스모화학,0.0009295752052912736,0.03279578643620878,코스모화학,COSMOCHEMICALCO
코아스,-0.050758269643497354,-0.06346114279418062,코아스,KOAS
코오롱,-0.025676748955356696,0.002784172518139292,코오롱,KOLON CORPORATION
코오롱글로벌,-0.03509817034418563,-0.06490082042952257,코오롱글로벌,KolonGlobalCorporation
코오롱글로벌우,-0.02711426113013808,-0.046464178814901586,코오롱글로벌우,KolonGlobalCorporation(1P)
코오롱모빌리티그룹,-0.045073204194747474,0.017578216778078578,코오롱모빌리티그룹,KOLON MOBILITY GROUP
코오롱모빌리티그룹우,-0.042738706907594695,-0.0410931936969251,코오롱모빌리티그룹우,KOLON MOBILITY GROUP(1P)
코오롱우,-0.031490865578786886,0.00624833504531948,코오롱우,KOLON CORPORATION(1P)
코오롱인더,0.009048443350239424,-0.019454059792402324,코오롱인더,KOLON INDUSTRIES
코오롱인더우,-0.017766513085364435,-0.015404953464901424,코오롱인더우,KOLON INDUSTRIES(1P)
코오롱플라스틱,-0.039023368261359985,0.01534792664616754,코오롱플라스틱,"KOLON PLASTICS, INC."
코웨이,0.01773093463992165,-0.0821607724936676,코웨이,COWAY
콘텐트리중앙,-0.027015525617503415,0.02455300230338236,콘텐트리중앙,ContentreeJoongAng corp.
콤텍시스템,-0.04773940925100657,0.03511243613879337,콤텍시스템,ComtecSystems
쿠쿠홀딩스,-0.02692594951452034,0.0005212227482997095,쿠쿠홀딩스,"Cuckoo Holdings Co.,Ltd"
쿠쿠홈시스,-0.019233102729427267,-0.007337736001928839,쿠쿠홈시스,CUCKOO HOMESYS
크라운제과,-0.03847137179377173,-0.023861859942156893,크라운제과,CROWN
크라운제과우,-0.03589197617290906,-0.04931955492192016,크라운제과우,CROWN(1P)
크라운해태홀딩스,-0.04272329746365786,-0.0543663845726299,크라운해태홀딩스,CROWNHAITAI Holdings
크라운해태홀딩스우,-0.0382129542139935,-0.11297927015940597,크라운해태홀딩스우,CROWNHAITAI Holdings(1P)
크래프톤,0.24778084115116827,0.003050158245205315,크래프톤,KRAFTON
키다리스튜디오,-0.042937407788616135,-0.003046094950353845,키다리스튜디오,KidariStudio
키움증권,0.07540092804511765,0.00042455976223414253,키움증권,KIWOOM Securities
태경비케이,-0.040320183250833926,0.007259592777887977,태경비케이,TAEKYUNG BK
태경산업,-0.04011366267048243,0.013236336296602702,태경산업,TaekyungIndustrial
태경케미컬,-0.032719146311094585,-0.021700793124232176,태경케미컬,"TAEKYUNGCHEMICALCO.,LTD"
태광산업,0.7615614741166091,-0.03470659114419584,태광산업,TaekwangIndustrial
태림포장,-0.04684303069353278,-0.01860178687243881,태림포장,Tailim Packaging
태양금속,-0.04418609954282217,0.05174188550717561,태양금속,TaeyangMetalIndustrial
태양금속우,-0.04323058460670059,-0.0035331270530050657,태양금속우,TaeyangMetalIndustrial(1P)
태영건설,-0.04419857040379743,0.009644138480478601,태영건설,TAEYOUNG ENGINEERING & CONSTRUCTION
태영건설우,-0.04133020749595239,0.006432725950515573,태영건설우,TAEYOUNG ENGINEERING & CONSTRUCTION(1P)
태원물산,-0.042083786615927835,0.022808535563650898,태원물산,TaewonMulsan
태평양물산,-0.0496550313703452,-0.07324952254744521,태평양물산,PAN-PACIFIC
테이팩스,-0.011140107087742978,-0.03561409605622758,테이팩스,TAPEX
텔코웨어,-0.035688603004148015,0.008427534256627494,텔코웨어,TELCOWARE
토니모리,-0.04363883192379336,0.012316998315845788,토니모리,"TONYMOLY Co., Ltd."
티에이치엔,-0.045615983788713066,-0.012425893016550033,티에이치엔,THN CORPORATION
티와이홀딩스,-0.04269243159860477,-0.004399815827732194,티와이홀딩스,TY HOLDINGS
티와이홀딩스우,-0.0373350134935463,0.06048128113270721,티와이홀딩스우,TY HOLDINGS(1P)
티웨이항공,-0.04764577271740616,-0.03819007341113453,티웨이항공,TWAYAIR
티웨이홀딩스,-0.04932429633263115,-0.013341378983829076,티웨이홀딩스,T'way Holdings
파미셀,-0.041483900483730574,-0.008346808005415639,파미셀,Pharmicell
팜스코,-0.04527260415831431,0.006865910440855199,팜스코,FARMSCO
팜젠사이언스,-0.04058300740655223,0.027594577608766532,팜젠사이언스,PharmGen Science
팬오션,-0.04402661921281936,-0.0018591859299621346,팬오션,PanOcean
퍼스텍,-0.0453089617437154,-0.006351398059137074,퍼스텍,FIRSTEC
퍼시스,-0.00791006955816623,0.00266025861112368,퍼시스,Fursys
페이퍼코리아,-0.048239957559682085,0.0053902243590542905,페이퍼코리아,PaperCorea Inc.
평화산업,-0.04810115365901754,-0.008709164781067933,평화산업,"Pyung Hwa Industrial Co., Ltd."
평화홀딩스,-0.04528849797261786,0.00013694706932584002,평화홀딩스,Pyung Hwa Holdings
포스코스틸리온,0.02263189123968316,0.02534396880419011,포스코스틸리온,POSCO STEELEON
포스코인터내셔널,0.03213927576470264,0.026290589805108122,포스코인터내셔널,POSCO INTERNATIONAL
포스코퓨처엠,0.40716664932376684,0.16063814571280383,포스코퓨처엠,POSCO FUTURE M
풀무원,-0.035645353514635235,-0.01997508468459141,풀무원,Pulmuone Corporate
풍산,-0.0017149604331504436,-0.019312453135736294,풍산,POONGSAN CORPORATION
풍산홀딩스,-0.0020432739399613696,-5.797465051616614e-05,풍산홀딩스,POONGSAN HOLDINGS
프레스티지바이오파마,-0.036119425973690784,-0.00740660034813588,프레스티지바이오파마,PRESTIGE BIOPHARMA LIMITED KDR
플레이그램,-0.048613994095269224,0.007916548624043966,플레이그램,Playgram
하나금융지주,0.008907839056176634,-0.005250259195252536,하나금융지주,HanaFinancialGroupInc.
하나제약,-0.030516800941526954,0.013970210235305416,하나제약,Hana Pharm
하나투어,0.02379246904137091,-0.02027484539374383,하나투어,HANATOUR SERVICE
하이브,0.24663383679601653,0.02235405780280464,하이브,HYBE
하이스틸,-0.04494776397527854,0.027246794723713202,하이스틸,"HISTEEL CO., LTD."
하이트론,-0.04928270278104007,-0.06122495282455209,하이트론,HitronSystems
하이트진로,-0.01908097521170815,-0.00637211573754267,하이트진로,HITEJINRO
하이트진로2우B,-0.028514439026468105,-0.0003359648584877925,하이트진로2우B,HITEJINRO(2PB)
하이트진로홀딩스,-0.037053221477211615,0.0065327236693347715,하이트진로홀딩스,HITEJINROHOLDINGS
하이트진로홀딩스우,-0.032498607723322595,0.0029934067420373457,하이트진로홀딩스우,HITEJINROHOLDINGS(1P)
한국ANKOR유전,-0.05454267953769376,0.48994117080766847,한국ANKOR유전,KIM ANKOR Oilfield Overseas Resources Development Fund[1]
한국가스공사,-0.015582988909887345,0.003274071999949185,한국가스공사,KoreaGasCorporation
한국공항,0.010881832933409755,-0.008104378991194247,한국공항,KoreaAirportService
한국금융지주,0.03009012558120755,-0.018306988835203594,한국금융지주,KOREA INVESTMENT HOLDINGS
한국금융지주우,0.009924617669953955,0.003363149896085046,한국금융지주우,KOREA INVESTMENT HOLDINGS(1P)
한국내화,-0.04478255814611948,0.025092135409274227,한국내화,KOREAREFRACTORIES
한국단자,0.05273961749379664,-0.0052292817594869825,한국단자,KoreaElectricTerminal
한국무브넥스,-0.040378728616071204,-0.0404954189729688,한국무브넥스,"KOREA MOVENEX CO., LTD."
한국석유,-0.03391751551191413,0.021896069809858112,한국석유,KOREA PETROLEUM INDUSTRIES
한국수출포장,-0.04818736909608597,-0.09026523451042358,한국수출포장,KoreaExportPackagingIndustrial
한국쉘석유,0.27980133034392773,-0.0034514052333150793,한국쉘석유,HankookShellOil
한국앤컴퍼니,-0.029922099963755295,0.002162927688091397,한국앤컴퍼니,HANKOOK & COMPANY
한국자산신탁,-0.04540649287071065,-0.01680519163961025,한국자산신탁,KAIT
한국전력,-0.02267900271560288,-0.02756172131626461,한국전력,KoreaElectricPower
한국전자홀딩스,-0.04856325315438396,-0.008291525120475516,한국전자홀딩스,KEC HOLDINGS
한국제지,-0.047631059133858365,0.00956000579371423,한국제지,Hankuk Paper MFG.
한국종합기술,-0.04286012397998939,-0.03269182945827736,한국종합기술,Korea Engineering Consultants Corp.
한국주강,-0.045283493741403155,0.0033497664418906887,한국주강,HankookSteel
한국주철관,-0.04042214742772738,-0.010879627607019833,한국주철관,KoreaCastIronPipeInd
한국철강,-0.04112808973919018,-0.017886008937923106,한국철강,KISCO Corp.
한국카본,-0.03284051053838148,-0.00991181570570818,한국카본,HankukCarbon
한국콜마,0.015144212831556708,0.003725296662414376,한국콜마,KOLMAR KOREA
한국콜마홀딩스,-0.03962534613425466,0.004464044563855481,한국콜마홀딩스,KOLMAR KOREA HOLDINGS
한국타이어앤테크놀로지,0.011887538544769831,-0.03431602960857254,한국타이어앤테크놀로지,HANKOOK TIRE & TECHNOLOGY
한국토지신탁,-0.04721563604182355,0.020323960050948105,한국토지신탁,KOREIT
한국특강,-0.04717788271295802,-0.005140520743894507,한국특강,KOREA STEEL
한국패러랠,-0.04741780280820716,0.004259372578494795,한국패러랠,KIM Parallel Oilfield Overseas Resources Development Fund[1]
한국항공우주,0.01474152758767043,0.0055681647839614335,한국항공우주,KOREA AEROSPACE INDUSTRIES
한국화장품,-0.04057726777217919,0.0006302999996771795,한국화장품,HANKOOKCOSMETICS
한국화장품제조,-0.01616990139081158,0.03217323741571026,한국화장품제조,HankookCosmeticsManufacturing
한농화성,-0.03395350856997084,0.010327824334367398,한농화성,HANNONGCHEMICALSINC.
한독,-0.03192612525463719,5.2752367459285336e-05,한독,HANDOK Inc.
한미글로벌,-0.020637832986233257,-0.0685825208062674,한미글로벌,"HanmiGlobal Co., Ltd"
한미반도체,0.034669790831793196,-0.006215274093606697,한미반도체,"HANMISemiconductorCO.,Ltd."
한미사이언스,-0.0008986260521651027,-0.021589659061663425,한미사이언스,Hanmi Science
한미약품,0.36500627755958465,-0.036443877131345455,한미약품,HanmiPharm
한샘,0.0185485941472122,-0.030249241594902596,한샘,"HANSSEM CO.,LTD."
한섬,-0.024297709611961205,-0.034243533195634564,한섬,HandsomeCorporation
한성기업,-0.04210151614176506,-0.0007950196667102128,한성기업,HansungEnterprise
한세실업,-0.021787280917318536,-0.048944822866575324,한세실업,HANSAE
한세엠케이,-0.046203559759199195,0.006738225026620715,한세엠케이,HANSAEMK
한세예스24홀딩스,-0.04215531166083471,0.027965197721800394,한세예스24홀딩스,HansaeYes24Holdings
한솔PNS,-0.04864258031043647,-0.02579261432137302,한솔PNS,HANSOLPNS
한솔로지스틱스,-0.046321385704919234,-0.004949472671860793,한솔로지스틱스,Hansol Logistics
한솔제지,-0.0355417123808418,-0.007067843565030601,한솔제지,"Hansol Paper Co., Ltd."
한솔케미칼,0.20801328660378068,0.05284553458129112,한솔케미칼,HansolChemical
한솔테크닉스,-0.041764181388196105,-0.033618196991628685,한솔테크닉스,HansolTechnics
한솔홀딩스,-0.045612982055769025,0.0069943127940871675,한솔홀딩스,Hansol Holdings
한솔홈데코,-0.04896254375664697,-0.01580827379195606,한솔홈데코,HansolHomeDeco
한신공영,-0.03994530981836648,-0.015322988708545206,한신공영,HanshinConstruction
한신기계,-0.04397288834947217,-0.011259758623944129,한신기계,HanshinMachinery
한양증권,-0.03648344039138204,0.004177573685703689,한양증권,HanyangSecurities
한양증권우,-0.033043416899175844,0.02034960192496213,한양증권우,HanyangSecurities(1P)
한온시스템,-0.039149402810789075,-0.010845645378898112,한온시스템,Hanon Systems
한올바이오파마,-0.008934440313638554,-0.16018172096254565,한올바이오파마,"HANALL BIOPHARMA CO.,LTD"
한익스프레스,-0.04288432346665264,-0.019533174300518222,한익스프레스,HanExpress
한일시멘트,-0.032402216901016696,-0.007585599400416516,한일시멘트,HANILCEMENT
한일철강,-0.0457060276755933,0.014836297708986394,한일철강,HanilIron&Steel
한일현대시멘트,-0.028087833833389454,0.006349063987159705,한일현대시멘트,HANIL HYUNDAI CEMENT
한일홀딩스,-0.033578099193720665,0.008333494741085048,한일홀딩스,HANILHOLDINGS
한전KPS,-0.0014582186009761413,0.015402230268250312,한전KPS,KEPCO Plant Service & Engineering
한전기술,0.03148932457582532,-0.024570876258615003,한전기술,KEPCO Engineering & Construction
한전산업,-0.03999634133503826,-0.012398479246726454,한전산업,Korea Electric Power Industrial Development
한진,-0.01844921899215159,0.020335542019148174,한진,HanjinTransportation
한진중공업홀딩스,-0.045116637279886844,-0.005333341748064495,한진중공업홀딩스,HanjinHeavyInd&ConstHoldings
한진칼,0.024610200204777916,-0.0011878127176270133,한진칼,HANJINKAL
한진칼우,-0.017274367990533487,-0.05399584316414393,한진칼우,HANJINKAL(1P)
한창,-0.04910357469902278,-0.041765953481238745,한창,Hanchang
한창제지,-0.048367219890045526,-0.0018055576219474275,한창제지,HanchangPaper
한컴라이프케어,-0.04562685404102542,-0.08133388908125189,한컴라이프케어,Hancom Lifecare
한화,-0.01653439881337734,-0.036944222677104115,한화,Hanwha
한화3우B,-0.030527562020662292,-0.002315669440856394,한화3우B,HANWHA(3PB)
한화갤러리아,-0.0482667948208545,-0.0009706814871881833,한화갤러리아,HANWHA GALLERIA
한화갤러리아우,-0.04432851304256858,0.018339115232303332,한화갤러리아우,HANWHA GALLERIA(1P)
한화리츠,-0.0419349100079502,0.023253409076824605,한화리츠,Hanwha REIT
한화생명,-0.04671658724004471,-0.045476896467585584,한화생명,HANWHA LIFE INSURANCE
한화손해보험,-0.04394065191697921,0.0036433708798863495,한화손해보험,"Hanwha General Insurance Co.,Ltd."
한화솔루션,-0.004304130551874094,-0.0012178187067196065,한화솔루션,HANWHA SOLUTIONS
한화솔루션우,-0.018156944308760584,0.015016388023110104,한화솔루션우,HANWHA SOLUTIONS(1P)
한화시스템,-0.02552811806626495,0.07979542749643849,한화시스템,HANWHA SYSTEMS
한화에어로스페이스,0.12154787262538082,0.07031815021117416,한화에어로스페이스,HANWHA AEROSPACE
한화오션,-0.00926923559070643,0.1338395075109228,한화오션,Hanwha Ocean
한화우,-0.008094981422031324,-0.03600132852861134,한화우,Hanwha(1P)
한화투자증권,-0.045992661079849465,-0.0034554719562568522,한화투자증권,HANWHA INVESTMENT & SECURITIES
한화투자증권우,-0.041970886718474806,0.014232900877785946,한화투자증권우,HANWHA INVESTMENT & SECURITIES(1P)
해성디에스,0.027689300504415513,0.017246393451749126,해성디에스,HAESUNG DS
해태제과식품,-0.042598892130475366,-0.012321570840870912,해태제과식품,"Haitai Confectionery and Foods Co., Ltd."
핸즈코퍼레이션,-0.04591428001563635,-0.01060813871668126,핸즈코퍼레이션,HANDS CORPORATION
현대건설,-0.0019064710215725624,-0.06947384500590846,현대건설,HyundaiEngineering&Construction
현대건설우,0.020811896206327625,-0.014248036695361717,현대건설우,HyundaiEngineering&Construction(1P)
현대그린푸드,-0.033506101836354336,0.01229096676694265,현대그린푸드,HYUNDAI GREEN FOOD
현대글로비스,0.19464147690655575,0.001079058543424825,현대글로비스,"HYUNDAIGLOVIS Co.,LTD"
현대로템,-0.011829581494068275,0.05630343024169119,현대로템,HYUNDAI ROTEM
현대리바트,-0.0387003660581304,0.0015725340097820127,현대리바트,HYUNDAILIVART
현대모비스,0.26910787525831387,-0.022179104387143576,현대모비스,HyundaiMobis
현대미포조선,0.0578826004211676,-0.024946964070658332,현대미포조선,HyundaiMipoDockyard
현대백화점,0.01983192146787371,-0.017697353937775002,현대백화점,"HYUNDAIDEPARTMENTSTORECO.,LTD"
현대비앤지스틸,-0.024212224810907103,0.14217227943226954,현대비앤지스틸,HYUNDAI BNG STEEL
현대약품,-0.04442907949633867,-0.008234804123794789,현대약품,Hyundai pharm
현대엘리베이,0.010762577606851967,-0.03839194892033716,현대엘리베이,HyundaiElevator
현대오토에버,0.2149960602743808,0.08431591462694911,현대오토에버,HyundaiAutoever
현대위아,0.03475041641890627,0.054377034753524844,현대위아,HYUNDAI WIA
현대제철,-0.001834087433379496,-0.039992168583068956,현대제철,HYUNDAI STEEL
현대지에프홀딩스,-0.0446570735145777,-0.010848803045052731,현대지에프홀딩스,HYUNDAI G.F. HOLDINGS
현대차,0.21062740704078525,-0.0016157646885488063,현대차,HyundaiMotor
현대차2우B,0.10126983810215051,0.010245812381526585,현대차2우B,HyundaiMotor(2PB)
현대차3우B,0.0976067749975431,0.007944269930106268,현대차3우B,HyundaiMotor(3PB)
현대차우,0.09977500457189593,0.010218887759809428,현대차우,HyundaiMotor(1P)
현대차증권,-0.03782906247264689,-0.0027298416653715233,현대차증권,HYUNDAI MOTOR SECURITIES
현대코퍼레이션,-0.024928233962282643,-0.019973966866033414,현대코퍼레이션,HYUNDAI CORPORATION
현대코퍼레이션홀딩스,-0.03525141784710049,-0.014194909203133144,현대코퍼레이션홀딩스,HYUNDAI CORPORATION HOLDINGS
현대퓨처넷,-0.0448624497315818,0.00782506884936865,현대퓨처넷,Hyundai Futurenet
현대해상,-0.007809555141502967,-0.021948637160019824,현대해상,"Hyundai MARINE & FIRE INSURANCE CO.,LTD"
현대홈쇼핑,0.009906909660874829,0.003242635137464988,현대홈쇼핑,HYUNDAI HOME SHOPPING NETWORK CORPORATION
형지엘리트,-0.04749568422227258,0.0069744790590202995,형지엘리트,HYUNGJI ELITE
혜인,-0.04191938451492067,-0.003703079578824152,혜인,HaeinCorporation
호전실업,-0.03826857590482554,0.01699684377063316,호전실업,Hojeon
호텔신라,0.03860045797910382,-0.01765745899772849,호텔신라,HotelShilla
호텔신라우,0.01427900522299134,-0.018021219520122197,호텔신라우,HotelShilla(1P)
화성산업,-0.03629852169790496,-0.04066342215513801,화성산업,HwasungIndustrial
화승알앤에이,-0.04310314285440035,0.032022893605845426,화승알앤에이,"HWASEUNG R&A CO., LTD."
화승엔터프라이즈,-0.038399841650505105,-0.010371447266013228,화승엔터프라이즈,HWASEUNG ENTERPRISE
화승인더,-0.04383949943884149,0.03350025218295949,화승인더,HSIndustries
화승코퍼레이션,-0.04938833788406517,-0.08848579369307552,화승코퍼레이션,Hwaseung Corporation
화신,-0.03480734396371183,-0.04978639755762551,화신,Hwashin
화인베스틸,-0.04952625903469002,-0.06289575656068455,화인베스틸,FINEBESTEEL
화천기계,-0.04335849289079991,0.016310097621070642,화천기계,HWACHEON MACHINERY
화천기공,-0.004671192748475723,0.005803522368644517,화천기공,HwacheonMachineTool
환인제약,-0.03148108214046382,-0.03509478607966995,환인제약,WhaninPharm
황금에스티,-0.03975553927540034,0.006583612476819076,황금에스티,Hwang Kum Steel & Technology
효성,0.04256376006107801,-0.018582016233284367,효성,Hyosung
효성ITX,-0.03279474289858144,-0.008307536684936846,효성ITX,"HYOSUNG ITX Co., Ltd."
효성중공업,0.24339866600929655,0.10332047199781251,효성중공업,HYOSUNG HEAVY INDUSTRIES
효성첨단소재,0.4882881748135464,-0.013019394853858736,효성첨단소재,HYOSUNG ADVANCED MATERIALS
효성티앤씨,0.474994086335048,-0.023407559520884767,효성티앤씨,HYOSUNG TNC
효성화학,0.07023992950285697,-0.018313769598066118,효성화학,HYOSUNG CHEMICAL
후성,-0.03134033751966573,0.05939510049081396,후성,"FOOSUNG CO.,LTD"
휠라홀딩스,0.0019557635595764365,-0.04531682959383044,휠라홀딩스,Fila Holdings
휴니드,-0.039816165264548245,0.048465509706766045,휴니드,HuneedTechnologies
휴비스,-0.04464488432887051,-0.028496100693678823,휴비스,HUVIS
휴스틸,-0.04296934964177261,-0.008568060220858964,휴스틸,HUSTEEL
흥국화재,-0.04562666102934054,-0.0064864217802762,흥국화재,HeungkukFire&MarineInsurance
흥국화재우,-0.04191912531391716,0.006446736738563615,흥국화재우,HeungkukFire&MarineIns(1P)
흥아해운,-0.0467712883650878,0.048530347675029985,흥아해운,HeungaShipping
